x;y;z
-5;-5;1.0
-4.75;-5;0.9666666666666667
-4.5;-5;1.0
-4.25;-5;0.9666666666666667
-4.0;-5;0.9666666666666667
-3.75;-5;1.0
-3.5;-5;1.0
-3.25;-5;1.0
-3.0;-5;1.0
-2.75;-5;0.9666666666666667
-2.5;-5;1.0
-2.25;-5;1.0
-2.0;-5;0.9666666666666667
-1.75;-5;0.9666666666666667
-1.5;-5;1.0
-1.25;-5;1.0
-1.0;-5;1.0
-0.75;-5;1.0
-0.5;-5;0.9333333333333333
-0.25;-5;1.0
0.0;-5;1.0
0.25;-5;0.9666666666666667
0.5;-5;1.0
0.75;-5;1.0
1.0;-5;1.0
1.25;-5;0.9666666666666667
1.5;-5;1.0
1.75;-5;1.0
2.0;-5;1.0
2.25;-5;1.0
2.5;-5;0.9666666666666667
2.75;-5;0.9666666666666667
3.0;-5;1.0
3.25;-5;1.0
3.5;-5;1.0
3.75;-5;1.0
4.0;-5;1.0
4.25;-5;1.0
4.5;-5;1.0
4.75;-5;0.9666666666666667
5.0;-5;0.9666666666666667
-5;-4.75;1.0
-4.75;-4.75;1.0
-4.5;-4.75;1.0
-4.25;-4.75;0.9666666666666667
-4.0;-4.75;0.9
-3.75;-4.75;1.0
-3.5;-4.75;1.0
-3.25;-4.75;1.0
-3.0;-4.75;0.9333333333333333
-2.75;-4.75;0.9
-2.5;-4.75;0.9666666666666667
-2.25;-4.75;1.0
-2.0;-4.75;1.0
-1.75;-4.75;0.8666666666666667
-1.5;-4.75;0.9666666666666667
-1.25;-4.75;0.9666666666666667
-1.0;-4.75;1.0
-0.75;-4.75;0.9666666666666667
-0.5;-4.75;1.0
-0.25;-4.75;1.0
0.0;-4.75;0.9
0.25;-4.75;0.9666666666666667
0.5;-4.75;1.0
0.75;-4.75;1.0
1.0;-4.75;1.0
1.25;-4.75;0.9666666666666667
1.5;-4.75;1.0
1.75;-4.75;1.0
2.0;-4.75;1.0
2.25;-4.75;1.0
2.5;-4.75;1.0
2.75;-4.75;0.9666666666666667
3.0;-4.75;1.0
3.25;-4.75;1.0
3.5;-4.75;1.0
3.75;-4.75;1.0
4.0;-4.75;1.0
4.25;-4.75;1.0
4.5;-4.75;0.9666666666666667
4.75;-4.75;1.0
5.0;-4.75;1.0
-5;-4.5;0.9333333333333333
-4.75;-4.5;1.0
-4.5;-4.5;1.0
-4.25;-4.5;0.9666666666666667
-4.0;-4.5;1.0
-3.75;-4.5;0.9333333333333333
-3.5;-4.5;0.9
-3.25;-4.5;1.0
-3.0;-4.5;0.9666666666666667
-2.75;-4.5;0.9333333333333333
-2.5;-4.5;1.0
-2.25;-4.5;0.9666666666666667
-2.0;-4.5;0.9666666666666667
-1.75;-4.5;0.9333333333333333
-1.5;-4.5;1.0
-1.25;-4.5;1.0
-1.0;-4.5;1.0
-0.75;-4.5;1.0
-0.5;-4.5;0.9666666666666667
-0.25;-4.5;0.9
0.0;-4.5;0.9333333333333333
0.25;-4.5;1.0
0.5;-4.5;1.0
0.75;-4.5;0.9666666666666667
1.0;-4.5;1.0
1.25;-4.5;1.0
1.5;-4.5;1.0
1.75;-4.5;1.0
2.0;-4.5;0.9666666666666667
2.25;-4.5;1.0
2.5;-4.5;1.0
2.75;-4.5;1.0
3.0;-4.5;0.9666666666666667
3.25;-4.5;1.0
3.5;-4.5;0.9666666666666667
3.75;-4.5;1.0
4.0;-4.5;1.0
4.25;-4.5;1.0
4.5;-4.5;1.0
4.75;-4.5;1.0
5.0;-4.5;1.0
-5;-4.25;1.0
-4.75;-4.25;1.0
-4.5;-4.25;1.0
-4.25;-4.25;0.9
-4.0;-4.25;1.0
-3.75;-4.25;1.0
-3.5;-4.25;1.0
-3.25;-4.25;1.0
-3.0;-4.25;1.0
-2.75;-4.25;1.0
-2.5;-4.25;1.0
-2.25;-4.25;0.9666666666666667
-2.0;-4.25;0.9666666666666667
-1.75;-4.25;1.0
-1.5;-4.25;1.0
-1.25;-4.25;1.0
-1.0;-4.25;0.9666666666666667
-0.75;-4.25;0.9
-0.5;-4.25;1.0
-0.25;-4.25;0.9333333333333333
0.0;-4.25;0.9666666666666667
0.25;-4.25;0.9666666666666667
0.5;-4.25;1.0
0.75;-4.25;0.9666666666666667
1.0;-4.25;0.9666666666666667
1.25;-4.25;0.9666666666666667
1.5;-4.25;1.0
1.75;-4.25;0.9666666666666667
2.0;-4.25;1.0
2.25;-4.25;0.9666666666666667
2.5;-4.25;1.0
2.75;-4.25;1.0
3.0;-4.25;0.9666666666666667
3.25;-4.25;1.0
3.5;-4.25;0.9666666666666667
3.75;-4.25;1.0
4.0;-4.25;1.0
4.25;-4.25;1.0
4.5;-4.25;1.0
4.75;-4.25;1.0
5.0;-4.25;1.0
-5;-4.0;0.9666666666666667
-4.75;-4.0;1.0
-4.5;-4.0;1.0
-4.25;-4.0;0.9666666666666667
-4.0;-4.0;1.0
-3.75;-4.0;1.0
-3.5;-4.0;1.0
-3.25;-4.0;0.9666666666666667
-3.0;-4.0;0.9666666666666667
-2.75;-4.0;0.9666666666666667
-2.5;-4.0;0.9666666666666667
-2.25;-4.0;0.9666666666666667
-2.0;-4.0;0.9666666666666667
-1.75;-4.0;1.0
-1.5;-4.0;0.9666666666666667
-1.25;-4.0;0.9333333333333333
-1.0;-4.0;1.0
-0.75;-4.0;0.9666666666666667
-0.5;-4.0;1.0
-0.25;-4.0;1.0
0.0;-4.0;1.0
0.25;-4.0;1.0
0.5;-4.0;1.0
0.75;-4.0;1.0
1.0;-4.0;1.0
1.25;-4.0;0.9666666666666667
1.5;-4.0;1.0
1.75;-4.0;1.0
2.0;-4.0;1.0
2.25;-4.0;1.0
2.5;-4.0;1.0
2.75;-4.0;0.9666666666666667
3.0;-4.0;1.0
3.25;-4.0;1.0
3.5;-4.0;1.0
3.75;-4.0;1.0
4.0;-4.0;1.0
4.25;-4.0;1.0
4.5;-4.0;1.0
4.75;-4.0;1.0
5.0;-4.0;1.0
-5;-3.75;1.0
-4.75;-3.75;1.0
-4.5;-3.75;0.9666666666666667
-4.25;-3.75;0.9666666666666667
-4.0;-3.75;0.9666666666666667
-3.75;-3.75;1.0
-3.5;-3.75;1.0
-3.25;-3.75;0.9666666666666667
-3.0;-3.75;1.0
-2.75;-3.75;1.0
-2.5;-3.75;1.0
-2.25;-3.75;1.0
-2.0;-3.75;1.0
-1.75;-3.75;1.0
-1.5;-3.75;0.9666666666666667
-1.25;-3.75;0.9666666666666667
-1.0;-3.75;1.0
-0.75;-3.75;1.0
-0.5;-3.75;0.9666666666666667
-0.25;-3.75;0.9333333333333333
0.0;-3.75;1.0
0.25;-3.75;1.0
0.5;-3.75;1.0
0.75;-3.75;0.9333333333333333
1.0;-3.75;1.0
1.25;-3.75;0.9666666666666667
1.5;-3.75;1.0
1.75;-3.75;1.0
2.0;-3.75;1.0
2.25;-3.75;1.0
2.5;-3.75;1.0
2.75;-3.75;1.0
3.0;-3.75;1.0
3.25;-3.75;1.0
3.5;-3.75;1.0
3.75;-3.75;1.0
4.0;-3.75;1.0
4.25;-3.75;1.0
4.5;-3.75;1.0
4.75;-3.75;1.0
5.0;-3.75;1.0
-5;-3.5;1.0
-4.75;-3.5;1.0
-4.5;-3.5;0.9666666666666667
-4.25;-3.5;1.0
-4.0;-3.5;1.0
-3.75;-3.5;1.0
-3.5;-3.5;1.0
-3.25;-3.5;0.9666666666666667
-3.0;-3.5;1.0
-2.75;-3.5;1.0
-2.5;-3.5;1.0
-2.25;-3.5;1.0
-2.0;-3.5;1.0
-1.75;-3.5;1.0
-1.5;-3.5;1.0
-1.25;-3.5;1.0
-1.0;-3.5;1.0
-0.75;-3.5;1.0
-0.5;-3.5;0.9666666666666667
-0.25;-3.5;0.9666666666666667
0.0;-3.5;1.0
0.25;-3.5;1.0
0.5;-3.5;1.0
0.75;-3.5;0.9333333333333333
1.0;-3.5;1.0
1.25;-3.5;0.9666666666666667
1.5;-3.5;1.0
1.75;-3.5;1.0
2.0;-3.5;1.0
2.25;-3.5;1.0
2.5;-3.5;1.0
2.75;-3.5;1.0
3.0;-3.5;1.0
3.25;-3.5;1.0
3.5;-3.5;0.9666666666666667
3.75;-3.5;1.0
4.0;-3.5;1.0
4.25;-3.5;1.0
4.5;-3.5;1.0
4.75;-3.5;1.0
5.0;-3.5;1.0
-5;-3.25;1.0
-4.75;-3.25;0.9333333333333333
-4.5;-3.25;0.9666666666666667
-4.25;-3.25;0.9333333333333333
-4.0;-3.25;1.0
-3.75;-3.25;1.0
-3.5;-3.25;0.9333333333333333
-3.25;-3.25;1.0
-3.0;-3.25;1.0
-2.75;-3.25;1.0
-2.5;-3.25;1.0
-2.25;-3.25;1.0
-2.0;-3.25;1.0
-1.75;-3.25;1.0
-1.5;-3.25;1.0
-1.25;-3.25;1.0
-1.0;-3.25;1.0
-0.75;-3.25;1.0
-0.5;-3.25;1.0
-0.25;-3.25;1.0
0.0;-3.25;1.0
0.25;-3.25;1.0
0.5;-3.25;1.0
0.75;-3.25;1.0
1.0;-3.25;1.0
1.25;-3.25;1.0
1.5;-3.25;1.0
1.75;-3.25;1.0
2.0;-3.25;1.0
2.25;-3.25;1.0
2.5;-3.25;1.0
2.75;-3.25;1.0
3.0;-3.25;0.9666666666666667
3.25;-3.25;1.0
3.5;-3.25;1.0
3.75;-3.25;0.9666666666666667
4.0;-3.25;1.0
4.25;-3.25;1.0
4.5;-3.25;1.0
4.75;-3.25;1.0
5.0;-3.25;1.0
-5;-3.0;0.9666666666666667
-4.75;-3.0;0.9666666666666667
-4.5;-3.0;0.9666666666666667
-4.25;-3.0;0.9666666666666667
-4.0;-3.0;1.0
-3.75;-3.0;1.0
-3.5;-3.0;0.9666666666666667
-3.25;-3.0;0.9666666666666667
-3.0;-3.0;1.0
-2.75;-3.0;1.0
-2.5;-3.0;0.9
-2.25;-3.0;0.9666666666666667
-2.0;-3.0;1.0
-1.75;-3.0;1.0
-1.5;-3.0;1.0
-1.25;-3.0;1.0
-1.0;-3.0;0.9666666666666667
-0.75;-3.0;1.0
-0.5;-3.0;1.0
-0.25;-3.0;0.9666666666666667
0.0;-3.0;1.0
0.25;-3.0;1.0
0.5;-3.0;1.0
0.75;-3.0;0.9333333333333333
1.0;-3.0;0.9666666666666667
1.25;-3.0;1.0
1.5;-3.0;1.0
1.75;-3.0;1.0
2.0;-3.0;0.9333333333333333
2.25;-3.0;0.9666666666666667
2.5;-3.0;1.0
2.75;-3.0;1.0
3.0;-3.0;1.0
3.25;-3.0;1.0
3.5;-3.0;1.0
3.75;-3.0;1.0
4.0;-3.0;1.0
4.25;-3.0;1.0
4.5;-3.0;1.0
4.75;-3.0;1.0
5.0;-3.0;1.0
-5;-2.75;1.0
-4.75;-2.75;1.0
-4.5;-2.75;1.0
-4.25;-2.75;1.0
-4.0;-2.75;0.9666666666666667
-3.75;-2.75;1.0
-3.5;-2.75;1.0
-3.25;-2.75;1.0
-3.0;-2.75;1.0
-2.75;-2.75;1.0
-2.5;-2.75;0.9666666666666667
-2.25;-2.75;1.0
-2.0;-2.75;1.0
-1.75;-2.75;0.9666666666666667
-1.5;-2.75;1.0
-1.25;-2.75;0.9666666666666667
-1.0;-2.75;1.0
-0.75;-2.75;1.0
-0.5;-2.75;1.0
-0.25;-2.75;1.0
0.0;-2.75;1.0
0.25;-2.75;1.0
0.5;-2.75;0.9666666666666667
0.75;-2.75;1.0
1.0;-2.75;0.9666666666666667
1.25;-2.75;1.0
1.5;-2.75;1.0
1.75;-2.75;1.0
2.0;-2.75;1.0
2.25;-2.75;1.0
2.5;-2.75;0.9666666666666667
2.75;-2.75;1.0
3.0;-2.75;1.0
3.25;-2.75;1.0
3.5;-2.75;1.0
3.75;-2.75;1.0
4.0;-2.75;1.0
4.25;-2.75;1.0
4.5;-2.75;1.0
4.75;-2.75;1.0
5.0;-2.75;1.0
-5;-2.5;1.0
-4.75;-2.5;1.0
-4.5;-2.5;1.0
-4.25;-2.5;1.0
-4.0;-2.5;0.9666666666666667
-3.75;-2.5;1.0
-3.5;-2.5;0.9666666666666667
-3.25;-2.5;1.0
-3.0;-2.5;0.9666666666666667
-2.75;-2.5;1.0
-2.5;-2.5;0.9666666666666667
-2.25;-2.5;1.0
-2.0;-2.5;1.0
-1.75;-2.5;0.9666666666666667
-1.5;-2.5;1.0
-1.25;-2.5;1.0
-1.0;-2.5;1.0
-0.75;-2.5;1.0
-0.5;-2.5;0.9666666666666667
-0.25;-2.5;0.9
0.0;-2.5;1.0
0.25;-2.5;1.0
0.5;-2.5;1.0
0.75;-2.5;1.0
1.0;-2.5;1.0
1.25;-2.5;1.0
1.5;-2.5;1.0
1.75;-2.5;1.0
2.0;-2.5;1.0
2.25;-2.5;1.0
2.5;-2.5;1.0
2.75;-2.5;0.9666666666666667
3.0;-2.5;1.0
3.25;-2.5;1.0
3.5;-2.5;1.0
3.75;-2.5;1.0
4.0;-2.5;1.0
4.25;-2.5;1.0
4.5;-2.5;0.9666666666666667
4.75;-2.5;0.9666666666666667
5.0;-2.5;1.0
-5;-2.25;1.0
-4.75;-2.25;0.9666666666666667
-4.5;-2.25;1.0
-4.25;-2.25;1.0
-4.0;-2.25;1.0
-3.75;-2.25;1.0
-3.5;-2.25;0.9666666666666667
-3.25;-2.25;1.0
-3.0;-2.25;1.0
-2.75;-2.25;1.0
-2.5;-2.25;1.0
-2.25;-2.25;1.0
-2.0;-2.25;0.9666666666666667
-1.75;-2.25;0.9666666666666667
-1.5;-2.25;1.0
-1.25;-2.25;0.9666666666666667
-1.0;-2.25;0.9666666666666667
-0.75;-2.25;1.0
-0.5;-2.25;0.9666666666666667
-0.25;-2.25;0.9666666666666667
0.0;-2.25;0.9666666666666667
0.25;-2.25;1.0
0.5;-2.25;1.0
0.75;-2.25;1.0
1.0;-2.25;0.9333333333333333
1.25;-2.25;1.0
1.5;-2.25;1.0
1.75;-2.25;1.0
2.0;-2.25;1.0
2.25;-2.25;1.0
2.5;-2.25;1.0
2.75;-2.25;1.0
3.0;-2.25;1.0
3.25;-2.25;1.0
3.5;-2.25;1.0
3.75;-2.25;1.0
4.0;-2.25;1.0
4.25;-2.25;1.0
4.5;-2.25;1.0
4.75;-2.25;0.9666666666666667
5.0;-2.25;1.0
-5;-2.0;0.9666666666666667
-4.75;-2.0;1.0
-4.5;-2.0;1.0
-4.25;-2.0;0.9666666666666667
-4.0;-2.0;1.0
-3.75;-2.0;1.0
-3.5;-2.0;1.0
-3.25;-2.0;0.9666666666666667
-3.0;-2.0;1.0
-2.75;-2.0;0.9666666666666667
-2.5;-2.0;1.0
-2.25;-2.0;1.0
-2.0;-2.0;1.0
-1.75;-2.0;0.9666666666666667
-1.5;-2.0;1.0
-1.25;-2.0;1.0
-1.0;-2.0;1.0
-0.75;-2.0;1.0
-0.5;-2.0;0.9333333333333333
-0.25;-2.0;1.0
0.0;-2.0;1.0
0.25;-2.0;0.9666666666666667
0.5;-2.0;1.0
0.75;-2.0;1.0
1.0;-2.0;1.0
1.25;-2.0;1.0
1.5;-2.0;1.0
1.75;-2.0;1.0
2.0;-2.0;1.0
2.25;-2.0;0.9666666666666667
2.5;-2.0;1.0
2.75;-2.0;1.0
3.0;-2.0;1.0
3.25;-2.0;1.0
3.5;-2.0;1.0
3.75;-2.0;1.0
4.0;-2.0;1.0
4.25;-2.0;1.0
4.5;-2.0;1.0
4.75;-2.0;1.0
5.0;-2.0;1.0
-5;-1.75;1.0
-4.75;-1.75;1.0
-4.5;-1.75;1.0
-4.25;-1.75;1.0
-4.0;-1.75;0.9666666666666667
-3.75;-1.75;0.9666666666666667
-3.5;-1.75;1.0
-3.25;-1.75;1.0
-3.0;-1.75;1.0
-2.75;-1.75;1.0
-2.5;-1.75;1.0
-2.25;-1.75;0.9666666666666667
-2.0;-1.75;1.0
-1.75;-1.75;0.9333333333333333
-1.5;-1.75;1.0
-1.25;-1.75;1.0
-1.0;-1.75;1.0
-0.75;-1.75;1.0
-0.5;-1.75;1.0
-0.25;-1.75;1.0
0.0;-1.75;1.0
0.25;-1.75;1.0
0.5;-1.75;1.0
0.75;-1.75;1.0
1.0;-1.75;1.0
1.25;-1.75;1.0
1.5;-1.75;1.0
1.75;-1.75;1.0
2.0;-1.75;1.0
2.25;-1.75;1.0
2.5;-1.75;1.0
2.75;-1.75;1.0
3.0;-1.75;0.9666666666666667
3.25;-1.75;1.0
3.5;-1.75;0.9666666666666667
3.75;-1.75;1.0
4.0;-1.75;1.0
4.25;-1.75;1.0
4.5;-1.75;1.0
4.75;-1.75;0.9666666666666667
5.0;-1.75;1.0
-5;-1.5;1.0
-4.75;-1.5;1.0
-4.5;-1.5;1.0
-4.25;-1.5;1.0
-4.0;-1.5;1.0
-3.75;-1.5;1.0
-3.5;-1.5;1.0
-3.25;-1.5;1.0
-3.0;-1.5;0.9666666666666667
-2.75;-1.5;1.0
-2.5;-1.5;1.0
-2.25;-1.5;0.9666666666666667
-2.0;-1.5;1.0
-1.75;-1.5;1.0
-1.5;-1.5;0.9666666666666667
-1.25;-1.5;1.0
-1.0;-1.5;1.0
-0.75;-1.5;1.0
-0.5;-1.5;1.0
-0.25;-1.5;1.0
0.0;-1.5;1.0
0.25;-1.5;1.0
0.5;-1.5;1.0
0.75;-1.5;1.0
1.0;-1.5;1.0
1.25;-1.5;1.0
1.5;-1.5;1.0
1.75;-1.5;1.0
2.0;-1.5;1.0
2.25;-1.5;1.0
2.5;-1.5;1.0
2.75;-1.5;1.0
3.0;-1.5;1.0
3.25;-1.5;1.0
3.5;-1.5;1.0
3.75;-1.5;1.0
4.0;-1.5;1.0
4.25;-1.5;1.0
4.5;-1.5;1.0
4.75;-1.5;1.0
5.0;-1.5;1.0
-5;-1.25;1.0
-4.75;-1.25;1.0
-4.5;-1.25;1.0
-4.25;-1.25;0.9333333333333333
-4.0;-1.25;1.0
-3.75;-1.25;1.0
-3.5;-1.25;0.9666666666666667
-3.25;-1.25;0.9666666666666667
-3.0;-1.25;1.0
-2.75;-1.25;1.0
-2.5;-1.25;0.9666666666666667
-2.25;-1.25;1.0
-2.0;-1.25;1.0
-1.75;-1.25;1.0
-1.5;-1.25;1.0
-1.25;-1.25;1.0
-1.0;-1.25;0.9666666666666667
-0.75;-1.25;1.0
-0.5;-1.25;0.9666666666666667
-0.25;-1.25;1.0
0.0;-1.25;1.0
0.25;-1.25;1.0
0.5;-1.25;1.0
0.75;-1.25;1.0
1.0;-1.25;1.0
1.25;-1.25;1.0
1.5;-1.25;1.0
1.75;-1.25;1.0
2.0;-1.25;1.0
2.25;-1.25;1.0
2.5;-1.25;1.0
2.75;-1.25;1.0
3.0;-1.25;1.0
3.25;-1.25;1.0
3.5;-1.25;1.0
3.75;-1.25;1.0
4.0;-1.25;1.0
4.25;-1.25;1.0
4.5;-1.25;1.0
4.75;-1.25;1.0
5.0;-1.25;1.0
-5;-1.0;1.0
-4.75;-1.0;1.0
-4.5;-1.0;1.0
-4.25;-1.0;1.0
-4.0;-1.0;1.0
-3.75;-1.0;1.0
-3.5;-1.0;1.0
-3.25;-1.0;0.9666666666666667
-3.0;-1.0;1.0
-2.75;-1.0;1.0
-2.5;-1.0;1.0
-2.25;-1.0;1.0
-2.0;-1.0;0.9666666666666667
-1.75;-1.0;1.0
-1.5;-1.0;1.0
-1.25;-1.0;1.0
-1.0;-1.0;1.0
-0.75;-1.0;1.0
-0.5;-1.0;1.0
-0.25;-1.0;1.0
0.0;-1.0;1.0
0.25;-1.0;1.0
0.5;-1.0;1.0
0.75;-1.0;1.0
1.0;-1.0;1.0
1.25;-1.0;1.0
1.5;-1.0;1.0
1.75;-1.0;1.0
2.0;-1.0;1.0
2.25;-1.0;1.0
2.5;-1.0;1.0
2.75;-1.0;1.0
3.0;-1.0;1.0
3.25;-1.0;1.0
3.5;-1.0;1.0
3.75;-1.0;1.0
4.0;-1.0;1.0
4.25;-1.0;1.0
4.5;-1.0;1.0
4.75;-1.0;1.0
5.0;-1.0;1.0
-5;-0.75;0.9666666666666667
-4.75;-0.75;1.0
-4.5;-0.75;1.0
-4.25;-0.75;1.0
-4.0;-0.75;1.0
-3.75;-0.75;1.0
-3.5;-0.75;1.0
-3.25;-0.75;1.0
-3.0;-0.75;1.0
-2.75;-0.75;1.0
-2.5;-0.75;1.0
-2.25;-0.75;1.0
-2.0;-0.75;1.0
-1.75;-0.75;1.0
-1.5;-0.75;1.0
-1.25;-0.75;1.0
-1.0;-0.75;1.0
-0.75;-0.75;1.0
-0.5;-0.75;1.0
-0.25;-0.75;1.0
0.0;-0.75;1.0
0.25;-0.75;1.0
0.5;-0.75;1.0
0.75;-0.75;1.0
1.0;-0.75;1.0
1.25;-0.75;1.0
1.5;-0.75;1.0
1.75;-0.75;1.0
2.0;-0.75;1.0
2.25;-0.75;1.0
2.5;-0.75;1.0
2.75;-0.75;1.0
3.0;-0.75;1.0
3.25;-0.75;1.0
3.5;-0.75;1.0
3.75;-0.75;1.0
4.0;-0.75;1.0
4.25;-0.75;1.0
4.5;-0.75;1.0
4.75;-0.75;1.0
5.0;-0.75;1.0
-5;-0.5;1.0
-4.75;-0.5;1.0
-4.5;-0.5;1.0
-4.25;-0.5;1.0
-4.0;-0.5;1.0
-3.75;-0.5;1.0
-3.5;-0.5;1.0
-3.25;-0.5;1.0
-3.0;-0.5;1.0
-2.75;-0.5;1.0
-2.5;-0.5;1.0
-2.25;-0.5;1.0
-2.0;-0.5;1.0
-1.75;-0.5;1.0
-1.5;-0.5;1.0
-1.25;-0.5;1.0
-1.0;-0.5;1.0
-0.75;-0.5;1.0
-0.5;-0.5;1.0
-0.25;-0.5;1.0
0.0;-0.5;1.0
0.25;-0.5;1.0
0.5;-0.5;1.0
0.75;-0.5;1.0
1.0;-0.5;1.0
1.25;-0.5;1.0
1.5;-0.5;1.0
1.75;-0.5;1.0
2.0;-0.5;1.0
2.25;-0.5;1.0
2.5;-0.5;1.0
2.75;-0.5;1.0
3.0;-0.5;1.0
3.25;-0.5;1.0
3.5;-0.5;1.0
3.75;-0.5;1.0
4.0;-0.5;1.0
4.25;-0.5;1.0
4.5;-0.5;1.0
4.75;-0.5;1.0
5.0;-0.5;1.0
-5;-0.25;1.0
-4.75;-0.25;1.0
-4.5;-0.25;1.0
-4.25;-0.25;1.0
-4.0;-0.25;1.0
-3.75;-0.25;1.0
-3.5;-0.25;1.0
-3.25;-0.25;1.0
-3.0;-0.25;1.0
-2.75;-0.25;1.0
-2.5;-0.25;1.0
-2.25;-0.25;1.0
-2.0;-0.25;1.0
-1.75;-0.25;1.0
-1.5;-0.25;1.0
-1.25;-0.25;1.0
-1.0;-0.25;1.0
-0.75;-0.25;1.0
-0.5;-0.25;1.0
-0.25;-0.25;1.0
0.0;-0.25;1.0
0.25;-0.25;1.0
0.5;-0.25;1.0
0.75;-0.25;1.0
1.0;-0.25;1.0
1.25;-0.25;1.0
1.5;-0.25;1.0
1.75;-0.25;1.0
2.0;-0.25;1.0
2.25;-0.25;1.0
2.5;-0.25;1.0
2.75;-0.25;1.0
3.0;-0.25;1.0
3.25;-0.25;1.0
3.5;-0.25;1.0
3.75;-0.25;1.0
4.0;-0.25;1.0
4.25;-0.25;1.0
4.5;-0.25;1.0
4.75;-0.25;1.0
5.0;-0.25;1.0
-5;0.0;1.0
-4.75;0.0;1.0
-4.5;0.0;1.0
-4.25;0.0;1.0
-4.0;0.0;1.0
-3.75;0.0;1.0
-3.5;0.0;1.0
-3.25;0.0;1.0
-3.0;0.0;1.0
-2.75;0.0;1.0
-2.5;0.0;1.0
-2.25;0.0;1.0
-2.0;0.0;1.0
-1.75;0.0;1.0
-1.5;0.0;1.0
-1.25;0.0;1.0
-1.0;0.0;1.0
-0.75;0.0;1.0
-0.5;0.0;1.0
-0.25;0.0;1.0
0.0;0.0;1.0
0.25;0.0;1.0
0.5;0.0;1.0
0.75;0.0;1.0
1.0;0.0;1.0
1.25;0.0;1.0
1.5;0.0;1.0
1.75;0.0;1.0
2.0;0.0;1.0
2.25;0.0;1.0
2.5;0.0;1.0
2.75;0.0;1.0
3.0;0.0;1.0
3.25;0.0;1.0
3.5;0.0;1.0
3.75;0.0;1.0
4.0;0.0;1.0
4.25;0.0;1.0
4.5;0.0;1.0
4.75;0.0;1.0
5.0;0.0;1.0
-5;0.25;1.0
-4.75;0.25;1.0
-4.5;0.25;1.0
-4.25;0.25;1.0
-4.0;0.25;1.0
-3.75;0.25;1.0
-3.5;0.25;1.0
-3.25;0.25;1.0
-3.0;0.25;1.0
-2.75;0.25;1.0
-2.5;0.25;1.0
-2.25;0.25;1.0
-2.0;0.25;1.0
-1.75;0.25;1.0
-1.5;0.25;1.0
-1.25;0.25;1.0
-1.0;0.25;1.0
-0.75;0.25;1.0
-0.5;0.25;1.0
-0.25;0.25;1.0
0.0;0.25;1.0
0.25;0.25;1.0
0.5;0.25;1.0
0.75;0.25;1.0
1.0;0.25;1.0
1.25;0.25;1.0
1.5;0.25;1.0
1.75;0.25;1.0
2.0;0.25;1.0
2.25;0.25;1.0
2.5;0.25;1.0
2.75;0.25;1.0
3.0;0.25;1.0
3.25;0.25;1.0
3.5;0.25;1.0
3.75;0.25;1.0
4.0;0.25;1.0
4.25;0.25;1.0
4.5;0.25;1.0
4.75;0.25;1.0
5.0;0.25;1.0
-5;0.5;1.0
-4.75;0.5;1.0
-4.5;0.5;1.0
-4.25;0.5;0.9666666666666667
-4.0;0.5;1.0
-3.75;0.5;1.0
-3.5;0.5;1.0
-3.25;0.5;1.0
-3.0;0.5;1.0
-2.75;0.5;1.0
-2.5;0.5;0.9666666666666667
-2.25;0.5;1.0
-2.0;0.5;1.0
-1.75;0.5;1.0
-1.5;0.5;0.9666666666666667
-1.25;0.5;1.0
-1.0;0.5;1.0
-0.75;0.5;1.0
-0.5;0.5;1.0
-0.25;0.5;1.0
0.0;0.5;1.0
0.25;0.5;1.0
0.5;0.5;1.0
0.75;0.5;1.0
1.0;0.5;1.0
1.25;0.5;1.0
1.5;0.5;1.0
1.75;0.5;1.0
2.0;0.5;1.0
2.25;0.5;1.0
2.5;0.5;1.0
2.75;0.5;1.0
3.0;0.5;1.0
3.25;0.5;1.0
3.5;0.5;1.0
3.75;0.5;1.0
4.0;0.5;1.0
4.25;0.5;1.0
4.5;0.5;1.0
4.75;0.5;1.0
5.0;0.5;1.0
-5;0.75;1.0
-4.75;0.75;0.9666666666666667
-4.5;0.75;1.0
-4.25;0.75;1.0
-4.0;0.75;1.0
-3.75;0.75;1.0
-3.5;0.75;1.0
-3.25;0.75;1.0
-3.0;0.75;1.0
-2.75;0.75;1.0
-2.5;0.75;1.0
-2.25;0.75;1.0
-2.0;0.75;1.0
-1.75;0.75;1.0
-1.5;0.75;1.0
-1.25;0.75;1.0
-1.0;0.75;1.0
-0.75;0.75;1.0
-0.5;0.75;1.0
-0.25;0.75;1.0
0.0;0.75;1.0
0.25;0.75;1.0
0.5;0.75;1.0
0.75;0.75;1.0
1.0;0.75;1.0
1.25;0.75;1.0
1.5;0.75;1.0
1.75;0.75;1.0
2.0;0.75;1.0
2.25;0.75;1.0
2.5;0.75;1.0
2.75;0.75;1.0
3.0;0.75;1.0
3.25;0.75;1.0
3.5;0.75;1.0
3.75;0.75;1.0
4.0;0.75;1.0
4.25;0.75;1.0
4.5;0.75;1.0
4.75;0.75;1.0
5.0;0.75;1.0
-5;1.0;0.9666666666666667
-4.75;1.0;1.0
-4.5;1.0;1.0
-4.25;1.0;1.0
-4.0;1.0;1.0
-3.75;1.0;1.0
-3.5;1.0;1.0
-3.25;1.0;1.0
-3.0;1.0;1.0
-2.75;1.0;1.0
-2.5;1.0;1.0
-2.25;1.0;1.0
-2.0;1.0;1.0
-1.75;1.0;1.0
-1.5;1.0;1.0
-1.25;1.0;1.0
-1.0;1.0;1.0
-0.75;1.0;1.0
-0.5;1.0;1.0
-0.25;1.0;0.9666666666666667
0.0;1.0;1.0
0.25;1.0;1.0
0.5;1.0;1.0
0.75;1.0;1.0
1.0;1.0;1.0
1.25;1.0;1.0
1.5;1.0;1.0
1.75;1.0;1.0
2.0;1.0;1.0
2.25;1.0;1.0
2.5;1.0;1.0
2.75;1.0;1.0
3.0;1.0;0.9666666666666667
3.25;1.0;1.0
3.5;1.0;1.0
3.75;1.0;1.0
4.0;1.0;1.0
4.25;1.0;1.0
4.5;1.0;1.0
4.75;1.0;1.0
5.0;1.0;1.0
-5;1.25;1.0
-4.75;1.25;1.0
-4.5;1.25;1.0
-4.25;1.25;1.0
-4.0;1.25;1.0
-3.75;1.25;1.0
-3.5;1.25;1.0
-3.25;1.25;0.9666666666666667
-3.0;1.25;1.0
-2.75;1.25;1.0
-2.5;1.25;1.0
-2.25;1.25;1.0
-2.0;1.25;1.0
-1.75;1.25;1.0
-1.5;1.25;1.0
-1.25;1.25;1.0
-1.0;1.25;1.0
-0.75;1.25;1.0
-0.5;1.25;1.0
-0.25;1.25;1.0
0.0;1.25;1.0
0.25;1.25;1.0
0.5;1.25;1.0
0.75;1.25;1.0
1.0;1.25;1.0
1.25;1.25;1.0
1.5;1.25;1.0
1.75;1.25;1.0
2.0;1.25;1.0
2.25;1.25;1.0
2.5;1.25;1.0
2.75;1.25;1.0
3.0;1.25;1.0
3.25;1.25;0.9666666666666667
3.5;1.25;1.0
3.75;1.25;1.0
4.0;1.25;1.0
4.25;1.25;1.0
4.5;1.25;1.0
4.75;1.25;1.0
5.0;1.25;1.0
-5;1.5;1.0
-4.75;1.5;1.0
-4.5;1.5;1.0
-4.25;1.5;0.9666666666666667
-4.0;1.5;1.0
-3.75;1.5;1.0
-3.5;1.5;0.9666666666666667
-3.25;1.5;1.0
-3.0;1.5;1.0
-2.75;1.5;1.0
-2.5;1.5;1.0
-2.25;1.5;1.0
-2.0;1.5;1.0
-1.75;1.5;1.0
-1.5;1.5;1.0
-1.25;1.5;0.9333333333333333
-1.0;1.5;0.9666666666666667
-0.75;1.5;0.9666666666666667
-0.5;1.5;1.0
-0.25;1.5;1.0
0.0;1.5;1.0
0.25;1.5;1.0
0.5;1.5;1.0
0.75;1.5;1.0
1.0;1.5;1.0
1.25;1.5;1.0
1.5;1.5;1.0
1.75;1.5;1.0
2.0;1.5;1.0
2.25;1.5;1.0
2.5;1.5;1.0
2.75;1.5;1.0
3.0;1.5;1.0
3.25;1.5;0.9666666666666667
3.5;1.5;0.9666666666666667
3.75;1.5;1.0
4.0;1.5;1.0
4.25;1.5;0.9666666666666667
4.5;1.5;1.0
4.75;1.5;1.0
5.0;1.5;1.0
-5;1.75;0.9666666666666667
-4.75;1.75;0.9666666666666667
-4.5;1.75;1.0
-4.25;1.75;1.0
-4.0;1.75;1.0
-3.75;1.75;1.0
-3.5;1.75;1.0
-3.25;1.75;1.0
-3.0;1.75;1.0
-2.75;1.75;0.9666666666666667
-2.5;1.75;1.0
-2.25;1.75;0.9666666666666667
-2.0;1.75;1.0
-1.75;1.75;1.0
-1.5;1.75;1.0
-1.25;1.75;1.0
-1.0;1.75;0.9333333333333333
-0.75;1.75;0.9666666666666667
-0.5;1.75;1.0
-0.25;1.75;0.9666666666666667
0.0;1.75;1.0
0.25;1.75;1.0
0.5;1.75;1.0
0.75;1.75;1.0
1.0;1.75;1.0
1.25;1.75;1.0
1.5;1.75;1.0
1.75;1.75;1.0
2.0;1.75;1.0
2.25;1.75;1.0
2.5;1.75;1.0
2.75;1.75;1.0
3.0;1.75;1.0
3.25;1.75;1.0
3.5;1.75;1.0
3.75;1.75;1.0
4.0;1.75;1.0
4.25;1.75;1.0
4.5;1.75;1.0
4.75;1.75;1.0
5.0;1.75;1.0
-5;2.0;1.0
-4.75;2.0;1.0
-4.5;2.0;0.9666666666666667
-4.25;2.0;1.0
-4.0;2.0;1.0
-3.75;2.0;0.9666666666666667
-3.5;2.0;1.0
-3.25;2.0;1.0
-3.0;2.0;0.9666666666666667
-2.75;2.0;1.0
-2.5;2.0;1.0
-2.25;2.0;1.0
-2.0;2.0;1.0
-1.75;2.0;0.9333333333333333
-1.5;2.0;1.0
-1.25;2.0;1.0
-1.0;2.0;1.0
-0.75;2.0;1.0
-0.5;2.0;0.9666666666666667
-0.25;2.0;1.0
0.0;2.0;1.0
0.25;2.0;1.0
0.5;2.0;0.9666666666666667
0.75;2.0;0.9666666666666667
1.0;2.0;1.0
1.25;2.0;1.0
1.5;2.0;1.0
1.75;2.0;1.0
2.0;2.0;1.0
2.25;2.0;1.0
2.5;2.0;1.0
2.75;2.0;1.0
3.0;2.0;1.0
3.25;2.0;1.0
3.5;2.0;1.0
3.75;2.0;1.0
4.0;2.0;1.0
4.25;2.0;1.0
4.5;2.0;1.0
4.75;2.0;1.0
5.0;2.0;0.9666666666666667
-5;2.25;1.0
-4.75;2.25;1.0
-4.5;2.25;1.0
-4.25;2.25;1.0
-4.0;2.25;1.0
-3.75;2.25;1.0
-3.5;2.25;1.0
-3.25;2.25;0.9666666666666667
-3.0;2.25;1.0
-2.75;2.25;1.0
-2.5;2.25;1.0
-2.25;2.25;1.0
-2.0;2.25;1.0
-1.75;2.25;1.0
-1.5;2.25;1.0
-1.25;2.25;0.9666666666666667
-1.0;2.25;0.9666666666666667
-0.75;2.25;0.9
-0.5;2.25;1.0
-0.25;2.25;1.0
0.0;2.25;1.0
0.25;2.25;1.0
0.5;2.25;1.0
0.75;2.25;1.0
1.0;2.25;1.0
1.25;2.25;1.0
1.5;2.25;1.0
1.75;2.25;1.0
2.0;2.25;1.0
2.25;2.25;1.0
2.5;2.25;1.0
2.75;2.25;1.0
3.0;2.25;1.0
3.25;2.25;1.0
3.5;2.25;1.0
3.75;2.25;1.0
4.0;2.25;1.0
4.25;2.25;0.9666666666666667
4.5;2.25;1.0
4.75;2.25;1.0
5.0;2.25;1.0
-5;2.5;1.0
-4.75;2.5;1.0
-4.5;2.5;1.0
-4.25;2.5;0.9666666666666667
-4.0;2.5;0.9
-3.75;2.5;1.0
-3.5;2.5;1.0
-3.25;2.5;1.0
-3.0;2.5;1.0
-2.75;2.5;1.0
-2.5;2.5;1.0
-2.25;2.5;0.9666666666666667
-2.0;2.5;0.9666666666666667
-1.75;2.5;0.9666666666666667
-1.5;2.5;1.0
-1.25;2.5;0.9333333333333333
-1.0;2.5;1.0
-0.75;2.5;1.0
-0.5;2.5;1.0
-0.25;2.5;0.9666666666666667
0.0;2.5;0.9666666666666667
0.25;2.5;1.0
0.5;2.5;1.0
0.75;2.5;1.0
1.0;2.5;1.0
1.25;2.5;1.0
1.5;2.5;0.9666666666666667
1.75;2.5;1.0
2.0;2.5;1.0
2.25;2.5;1.0
2.5;2.5;1.0
2.75;2.5;1.0
3.0;2.5;1.0
3.25;2.5;1.0
3.5;2.5;1.0
3.75;2.5;1.0
4.0;2.5;1.0
4.25;2.5;1.0
4.5;2.5;1.0
4.75;2.5;1.0
5.0;2.5;1.0
-5;2.75;1.0
-4.75;2.75;1.0
-4.5;2.75;0.9666666666666667
-4.25;2.75;0.9666666666666667
-4.0;2.75;1.0
-3.75;2.75;0.9666666666666667
-3.5;2.75;0.9666666666666667
-3.25;2.75;1.0
-3.0;2.75;1.0
-2.75;2.75;1.0
-2.5;2.75;0.9666666666666667
-2.25;2.75;1.0
-2.0;2.75;1.0
-1.75;2.75;0.9666666666666667
-1.5;2.75;1.0
-1.25;2.75;0.9666666666666667
-1.0;2.75;1.0
-0.75;2.75;1.0
-0.5;2.75;1.0
-0.25;2.75;0.9666666666666667
0.0;2.75;0.9666666666666667
0.25;2.75;1.0
0.5;2.75;1.0
0.75;2.75;1.0
1.0;2.75;1.0
1.25;2.75;1.0
1.5;2.75;1.0
1.75;2.75;1.0
2.0;2.75;1.0
2.25;2.75;1.0
2.5;2.75;1.0
2.75;2.75;1.0
3.0;2.75;1.0
3.25;2.75;1.0
3.5;2.75;1.0
3.75;2.75;1.0
4.0;2.75;1.0
4.25;2.75;1.0
4.5;2.75;1.0
4.75;2.75;1.0
5.0;2.75;1.0
-5;3.0;1.0
-4.75;3.0;0.9666666666666667
-4.5;3.0;1.0
-4.25;3.0;1.0
-4.0;3.0;0.9666666666666667
-3.75;3.0;1.0
-3.5;3.0;1.0
-3.25;3.0;0.9666666666666667
-3.0;3.0;1.0
-2.75;3.0;0.9666666666666667
-2.5;3.0;0.9666666666666667
-2.25;3.0;1.0
-2.0;3.0;1.0
-1.75;3.0;0.9666666666666667
-1.5;3.0;0.9666666666666667
-1.25;3.0;1.0
-1.0;3.0;1.0
-0.75;3.0;1.0
-0.5;3.0;1.0
-0.25;3.0;0.9666666666666667
0.0;3.0;0.9333333333333333
0.25;3.0;1.0
0.5;3.0;1.0
0.75;3.0;0.9666666666666667
1.0;3.0;1.0
1.25;3.0;1.0
1.5;3.0;1.0
1.75;3.0;1.0
2.0;3.0;1.0
2.25;3.0;1.0
2.5;3.0;1.0
2.75;3.0;1.0
3.0;3.0;1.0
3.25;3.0;1.0
3.5;3.0;1.0
3.75;3.0;1.0
4.0;3.0;1.0
4.25;3.0;0.9666666666666667
4.5;3.0;1.0
4.75;3.0;1.0
5.0;3.0;1.0
-5;3.25;1.0
-4.75;3.25;1.0
-4.5;3.25;1.0
-4.25;3.25;0.9666666666666667
-4.0;3.25;0.9666666666666667
-3.75;3.25;1.0
-3.5;3.25;0.9
-3.25;3.25;0.9666666666666667
-3.0;3.25;0.9666666666666667
-2.75;3.25;0.9666666666666667
-2.5;3.25;1.0
-2.25;3.25;0.9666666666666667
-2.0;3.25;1.0
-1.75;3.25;1.0
-1.5;3.25;0.9666666666666667
-1.25;3.25;0.9666666666666667
-1.0;3.25;0.9333333333333333
-0.75;3.25;1.0
-0.5;3.25;1.0
-0.25;3.25;0.9666666666666667
0.0;3.25;1.0
0.25;3.25;1.0
0.5;3.25;0.9666666666666667
0.75;3.25;1.0
1.0;3.25;1.0
1.25;3.25;0.9666666666666667
1.5;3.25;1.0
1.75;3.25;0.9666666666666667
2.0;3.25;1.0
2.25;3.25;1.0
2.5;3.25;1.0
2.75;3.25;1.0
3.0;3.25;1.0
3.25;3.25;0.9666666666666667
3.5;3.25;1.0
3.75;3.25;1.0
4.0;3.25;1.0
4.25;3.25;1.0
4.5;3.25;0.9666666666666667
4.75;3.25;1.0
5.0;3.25;1.0
-5;3.5;1.0
-4.75;3.5;1.0
-4.5;3.5;1.0
-4.25;3.5;0.9666666666666667
-4.0;3.5;0.9666666666666667
-3.75;3.5;0.9333333333333333
-3.5;3.5;1.0
-3.25;3.5;1.0
-3.0;3.5;1.0
-2.75;3.5;1.0
-2.5;3.5;0.9666666666666667
-2.25;3.5;1.0
-2.0;3.5;0.9
-1.75;3.5;1.0
-1.5;3.5;0.9666666666666667
-1.25;3.5;1.0
-1.0;3.5;1.0
-0.75;3.5;0.9666666666666667
-0.5;3.5;0.9666666666666667
-0.25;3.5;0.9666666666666667
0.0;3.5;0.9666666666666667
0.25;3.5;0.9666666666666667
0.5;3.5;1.0
0.75;3.5;0.9333333333333333
1.0;3.5;1.0
1.25;3.5;1.0
1.5;3.5;0.9666666666666667
1.75;3.5;1.0
2.0;3.5;1.0
2.25;3.5;1.0
2.5;3.5;1.0
2.75;3.5;1.0
3.0;3.5;1.0
3.25;3.5;1.0
3.5;3.5;0.9666666666666667
3.75;3.5;1.0
4.0;3.5;1.0
4.25;3.5;1.0
4.5;3.5;1.0
4.75;3.5;1.0
5.0;3.5;1.0
-5;3.75;1.0
-4.75;3.75;1.0
-4.5;3.75;1.0
-4.25;3.75;0.9333333333333333
-4.0;3.75;1.0
-3.75;3.75;1.0
-3.5;3.75;1.0
-3.25;3.75;0.9
-3.0;3.75;1.0
-2.75;3.75;1.0
-2.5;3.75;1.0
-2.25;3.75;1.0
-2.0;3.75;1.0
-1.75;3.75;0.9666666666666667
-1.5;3.75;1.0
-1.25;3.75;0.9666666666666667
-1.0;3.75;1.0
-0.75;3.75;0.9666666666666667
-0.5;3.75;0.9333333333333333
-0.25;3.75;1.0
0.0;3.75;1.0
0.25;3.75;0.9333333333333333
0.5;3.75;1.0
0.75;3.75;1.0
1.0;3.75;0.9666666666666667
1.25;3.75;1.0
1.5;3.75;1.0
1.75;3.75;1.0
2.0;3.75;1.0
2.25;3.75;0.9
2.5;3.75;1.0
2.75;3.75;1.0
3.0;3.75;1.0
3.25;3.75;1.0
3.5;3.75;1.0
3.75;3.75;1.0
4.0;3.75;0.9333333333333333
4.25;3.75;1.0
4.5;3.75;1.0
4.75;3.75;1.0
5.0;3.75;1.0
-5;4.0;0.9666666666666667
-4.75;4.0;1.0
-4.5;4.0;0.9666666666666667
-4.25;4.0;1.0
-4.0;4.0;0.9666666666666667
-3.75;4.0;0.9666666666666667
-3.5;4.0;1.0
-3.25;4.0;1.0
-3.0;4.0;1.0
-2.75;4.0;0.9666666666666667
-2.5;4.0;1.0
-2.25;4.0;1.0
-2.0;4.0;1.0
-1.75;4.0;0.9333333333333333
-1.5;4.0;1.0
-1.25;4.0;0.9666666666666667
-1.0;4.0;0.9666666666666667
-0.75;4.0;1.0
-0.5;4.0;0.9666666666666667
-0.25;4.0;0.9
0.0;4.0;1.0
0.25;4.0;1.0
0.5;4.0;1.0
0.75;4.0;1.0
1.0;4.0;1.0
1.25;4.0;1.0
1.5;4.0;0.9666666666666667
1.75;4.0;1.0
2.0;4.0;1.0
2.25;4.0;1.0
2.5;4.0;1.0
2.75;4.0;1.0
3.0;4.0;1.0
3.25;4.0;1.0
3.5;4.0;1.0
3.75;4.0;1.0
4.0;4.0;0.9666666666666667
4.25;4.0;0.9333333333333333
4.5;4.0;1.0
4.75;4.0;1.0
5.0;4.0;1.0
-5;4.25;0.9333333333333333
-4.75;4.25;1.0
-4.5;4.25;0.9666666666666667
-4.25;4.25;0.9333333333333333
-4.0;4.25;0.9666666666666667
-3.75;4.25;1.0
-3.5;4.25;1.0
-3.25;4.25;0.9666666666666667
-3.0;4.25;1.0
-2.75;4.25;0.8333333333333334
-2.5;4.25;0.9666666666666667
-2.25;4.25;1.0
-2.0;4.25;0.9666666666666667
-1.75;4.25;0.9666666666666667
-1.5;4.25;1.0
-1.25;4.25;0.9
-1.0;4.25;1.0
-0.75;4.25;0.9666666666666667
-0.5;4.25;1.0
-0.25;4.25;1.0
0.0;4.25;0.9666666666666667
0.25;4.25;1.0
0.5;4.25;0.9333333333333333
0.75;4.25;1.0
1.0;4.25;0.9666666666666667
1.25;4.25;0.9666666666666667
1.5;4.25;1.0
1.75;4.25;1.0
2.0;4.25;1.0
2.25;4.25;1.0
2.5;4.25;1.0
2.75;4.25;1.0
3.0;4.25;1.0
3.25;4.25;0.9666666666666667
3.5;4.25;0.9666666666666667
3.75;4.25;1.0
4.0;4.25;1.0
4.25;4.25;1.0
4.5;4.25;0.9666666666666667
4.75;4.25;1.0
5.0;4.25;1.0
-5;4.5;1.0
-4.75;4.5;1.0
-4.5;4.5;1.0
-4.25;4.5;0.9666666666666667
-4.0;4.5;0.9666666666666667
-3.75;4.5;0.9333333333333333
-3.5;4.5;1.0
-3.25;4.5;1.0
-3.0;4.5;1.0
-2.75;4.5;0.9333333333333333
-2.5;4.5;0.8666666666666667
-2.25;4.5;0.9333333333333333
-2.0;4.5;1.0
-1.75;4.5;0.9333333333333333
-1.5;4.5;0.9333333333333333
-1.25;4.5;1.0
-1.0;4.5;0.9666666666666667
-0.75;4.5;0.9666666666666667
-0.5;4.5;0.9666666666666667
-0.25;4.5;1.0
0.0;4.5;1.0
0.25;4.5;0.9666666666666667
0.5;4.5;1.0
0.75;4.5;1.0
1.0;4.5;1.0
1.25;4.5;1.0
1.5;4.5;1.0
1.75;4.5;1.0
2.0;4.5;1.0
2.25;4.5;0.9
2.5;4.5;1.0
2.75;4.5;0.9666666666666667
3.0;4.5;1.0
3.25;4.5;1.0
3.5;4.5;1.0
3.75;4.5;1.0
4.0;4.5;1.0
4.25;4.5;0.9666666666666667
4.5;4.5;0.9666666666666667
4.75;4.5;1.0
5.0;4.5;1.0
-5;4.75;0.9333333333333333
-4.75;4.75;1.0
-4.5;4.75;1.0
-4.25;4.75;0.9666666666666667
-4.0;4.75;0.9666666666666667
-3.75;4.75;1.0
-3.5;4.75;1.0
-3.25;4.75;1.0
-3.0;4.75;0.9333333333333333
-2.75;4.75;1.0
-2.5;4.75;0.9666666666666667
-2.25;4.75;0.9666666666666667
-2.0;4.75;0.9666666666666667
-1.75;4.75;1.0
-1.5;4.75;1.0
-1.25;4.75;1.0
-1.0;4.75;1.0
-0.75;4.75;0.9666666666666667
-0.5;4.75;0.9333333333333333
-0.25;4.75;0.9666666666666667
0.0;4.75;0.9333333333333333
0.25;4.75;0.9
0.5;4.75;1.0
0.75;4.75;0.9333333333333333
1.0;4.75;0.9666666666666667
1.25;4.75;1.0
1.5;4.75;0.9666666666666667
1.75;4.75;1.0
2.0;4.75;1.0
2.25;4.75;1.0
2.5;4.75;1.0
2.75;4.75;1.0
3.0;4.75;0.9666666666666667
3.25;4.75;1.0
3.5;4.75;1.0
3.75;4.75;1.0
4.0;4.75;1.0
4.25;4.75;1.0
4.5;4.75;1.0
4.75;4.75;1.0
5.0;4.75;1.0
-5;5.0;0.9666666666666667
-4.75;5.0;0.9666666666666667
-4.5;5.0;0.9333333333333333
-4.25;5.0;1.0
-4.0;5.0;0.9666666666666667
-3.75;5.0;1.0
-3.5;5.0;0.9666666666666667
-3.25;5.0;1.0
-3.0;5.0;0.9666666666666667
-2.75;5.0;0.9666666666666667
-2.5;5.0;0.9666666666666667
-2.25;5.0;0.9666666666666667
-2.0;5.0;0.9
-1.75;5.0;0.9666666666666667
-1.5;5.0;1.0
-1.25;5.0;0.9666666666666667
-1.0;5.0;0.9333333333333333
-0.75;5.0;0.9333333333333333
-0.5;5.0;0.9666666666666667
-0.25;5.0;0.9333333333333333
0.0;5.0;1.0
0.25;5.0;0.9666666666666667
0.5;5.0;0.9666666666666667
0.75;5.0;1.0
1.0;5.0;1.0
1.25;5.0;1.0
1.5;5.0;1.0
1.75;5.0;1.0
2.0;5.0;1.0
2.25;5.0;0.9666666666666667
2.5;5.0;1.0
2.75;5.0;1.0
3.0;5.0;1.0
3.25;5.0;0.9666666666666667
3.5;5.0;1.0
3.75;5.0;1.0
4.0;5.0;1.0
4.25;5.0;1.0
4.5;5.0;1.0
4.75;5.0;1.0
5.0;5.0;1.0
